company_name,Company Code,year,Associated Energy Costs - Sector_EI,Associated Energy Costs - Compnay_EI,Associated Energy Costs - Sector_EM,Associated Energy Costs - Company_EM,Associated Energy Costs - Sector_IM,Associated Energy Costs - Company_IM,"Provisioning services (Raw Materials, Nutrients, Food, Energy) - Sector_EI","Provisioning services (Raw Materials, Nutrients, Food, Energy) - Compnay_EI","Provisioning services (Raw Materials, Nutrients, Food, Energy) - Sector_EM","Provisioning services (Raw Materials, Nutrients, Food, Energy) - Company_EM","Provisioning services (Raw Materials, Nutrients, Food, Energy) - Sector_IM","Provisioning services (Raw Materials, Nutrients, Food, Energy) - Company_IM",Innovation - Sector_EI,Innovation - Compnay_EI,Innovation - Sector_EM,Innovation - Company_EM,Innovation - Sector_IM,Innovation - Company_IM,GDP and Disposable Income - Sector_EI,GDP and Disposable Income - Compnay_EI,GDP and Disposable Income - Sector_EM,GDP and Disposable Income - Company_EM,GDP and Disposable Income - Sector_IM,GDP and Disposable Income - Company_IM,Market Transition - Sector_EI,Market Transition - Compnay_EI,Market Transition - Sector_EM,Market Transition - Company_EM,Market Transition - Sector_IM,Market Transition - Company_IM,Regulated Carbon Price - Sector_EI,Regulated Carbon Price - Compnay_EI,Regulated Carbon Price - Sector_EM,Regulated Carbon Price - Company_EM,Regulated Carbon Price - Sector_IM,Regulated Carbon Price - Company_IM,Wages and Benefits - Sector_EI,Wages and Benefits - Compnay_EI,Wages and Benefits - Sector_EM,Wages and Benefits - Company_EM,Wages and Benefits - Sector_IM,Wages and Benefits - Company_IM,Dividend/reinvestment balance for long-term growth - Sector_EI,Dividend/reinvestment balance for long-term growth - Compnay_EI,Dividend/reinvestment balance for long-term growth - Sector_EM,Dividend/reinvestment balance for long-term growth - Company_EM,Dividend/reinvestment balance for long-term growth - Sector_IM,Dividend/reinvestment balance for long-term growth - Company_IM,Professional Skills Development - Sector_EI,Professional Skills Development - Compnay_EI,Professional Skills Development - Sector_EM,Professional Skills Development - Company_EM,Professional Skills Development - Sector_IM,Professional Skills Development - Company_IM,Well-being and health - Sector_EI,Well-being and health - Compnay_EI,Well-being and health - Sector_EM,Well-being and health - Company_EM,Well-being and health - Sector_IM,Well-being and health - Company_IM,Executive compensation - Sector_EI,Executive compensation - Compnay_EI,Executive compensation - Sector_EM,Executive compensation - Company_EM,Executive compensation - Sector_IM,Executive compensation - Company_IM,Political Stability - Sector_EI,Political Stability - Compnay_EI,Political Stability - Sector_EM,Political Stability - Company_EM,Political Stability - Sector_IM,Political Stability - Company_IM,"Cultural Services (Recreation, Tourism) - Sector_EI","Cultural Services (Recreation, Tourism) - Compnay_EI","Cultural Services (Recreation, Tourism) - Sector_EM","Cultural Services (Recreation, Tourism) - Company_EM","Cultural Services (Recreation, Tourism) - Sector_IM","Cultural Services (Recreation, Tourism) - Company_IM",Revenue
ANTERO RESOURCES Corp,1,2013,100,115,79,102,72,0,91,105,100,114,100,0,83,99,69,89,68,0,75,79,66,79,73,0,71,72,60,75,67,0,70,73,79,71,80,0,42,54,94,82,80,0,36,16,75,30,78,0,36,34,77,66,79,0,28,22,50,48,56,0,0,0,0,0,0,0,0,0,0,0,0,0,0,0,0,0,0,0,1313134
ANTERO RESOURCES Corp,1,2014,100,120,78,102,66,0,93,117,100,116,96,0,85,111,71,88,65,0,77,91,68,88,68,0,74,86,62,77,61,0,67,75,79,74,79,0,42,49,96,84,100,0,32,20,68,37,77,0,38,36,84,82,79,0,29,21,52,48,43,0,0,0,0,0,0,0,0,0,0,0,0,0,0,0,0,0,0,0,2720632
ANTERO RESOURCES Corp,1,2015,100,122,75,100,75,81,96,119,100,118,100,100,87,118,69,90,70,81,75,94,65,90,72,86,73,101,60,80,65,79,70,76,77,83,79,76,40,58,88,94,93,87,31,20,62,34,58,0,33,36,66,80,87,66,31,19,45,39,52,0,0,0,0,0,0,0,0,0,0,0,0,0,0,0,0,0,0,0,3954858
ANTERO RESOURCES Corp,1,2016,97,125,74,100,77,84,100,129,100,125,100,100,85,121,66,91,80,81,77,100,65,94,76,89,72,94,58,76,70,80,70,76,74,88,83,93,41,62,77,107,87,100,30,19,54,31,66,0,32,39,60,76,70,64,29,20,50,39,52,0,0,0,0,0,0,0,0,0,0,0,0,0,0,0,0,0,0,0,1744525
ANTERO RESOURCES Corp,1,2017,97,114,72,88,79,83,100,131,100,116,100,107,87,121,66,95,76,81,78,84,65,84,81,87,74,85,58,71,74,80,79,82,80,93,92,90,42,56,85,101,87,109,31,20,58,30,74,0,33,34,62,68,70,71,25,21,40,34,51,0,0,0,0,0,0,0,0,0,0,0,0,0,0,0,0,0,0,0,3655574
ANTERO RESOURCES Corp,1,2018,88,112,71,85,71,81,100,162,100,137,100,120,86,132,73,91,79,69,72,105,67,99,76,79,66,94,58,75,62,69,77,92,83,100,84,75,42,63,90,105,98,0,0,0,0,0,0,0,33,34,64,70,84,0,33,21,48,38,47,0,0,0,0,0,0,0,0,0,0,0,0,0,0,0,0,0,0,0,4139626
ANTERO RESOURCES Corp,1,2019,93,112,66,74,44,48,100,109,89,94,57,68,85,140,62,86,42,54,78,111,62,94,47,56,68,116,54,84,40,53,78,106,73,90,49,52,48,63,100,99,100,61,37,34,72,52,63,0,35,36,59,61,44,44,40,40,50,50,32,24,0,0,0,0,0,0,0,0,0,0,0,0,0,0,0,0,0,0,4408690
ANTERO RESOURCES Corp,1,2020,94,114,75,83,70,75,100,106,100,102,94,105,88,135,72,76,76,71,79,98,67,82,73,77,70,104,60,70,68,71,81,86,80,109,78,92,43,38,76,67,83,99,37,30,70,61,100,0,34,29,68,55,73,62,37,41,55,58,55,49,0,0,0,0,0,0,0,0,0,0,0,0,0,0,0,0,0,0,3491699
ANTERO RESOURCES Corp,1,2021,92,112,75,81,77,75,100,100,100,92,100,107,89,123,72,77,78,68,76,98,64,79,77,75,67,91,60,66,74,68,82,90,79,108,79,90,41,39,73,63,79,107,0,0,0,0,0,0,38,29,71,52,83,57,37,44,61,62,64,43,33,78,56,107,68,75,0,0,0,0,0,0,0,0,0,0,0,0,4619432
ANTERO RESOURCES Corp,1,2022,88,115,72,79,81,77,100,99,100,94,98,104,90,111,74,72,78,67,75,113,63,81,75,73,66,97,62,70,83,68,77,73,72,74,74,76,45,33,80,47,84,92,43,25,82,48,100,61,40,29,70,48,82,57,46,37,71,48,62,49,0,0,0,0,0,0,0,0,0,0,0,0,0,0,0,0,0,0,7138436
Callon Petroleum Co,2,2013,100,104,79,67,72,74,91,119,100,93,100,80,83,77,69,60,68,71,75,64,66,54,73,74,71,87,60,58,67,70,70,52,79,58,80,77,42,32,94,63,80,65,36,15,75,38,78,0,36,37,77,64,79,68,28,6,50,32,56,0,0,0,0,0,0,0,0,0,0,0,0,0,0,0,0,0,0,0,102569
Callon Petroleum Co,2,2014,100,111,78,70,66,69,93,134,100,98,96,81,85,80,71,61,65,66,77,64,68,52,68,71,74,93,62,57,61,63,67,53,79,64,79,69,42,34,96,67,100,72,32,18,68,42,77,0,38,37,84,72,79,62,29,9,52,28,43,0,0,0,0,0,0,0,0,0,0,0,0,0,0,0,0,0,0,0,151862
Callon Petroleum Co,2,2015,100,107,75,68,75,80,96,145,100,99,100,92,87,73,69,59,70,75,75,61,65,51,72,79,73,91,60,55,65,68,70,61,77,57,79,76,40,32,88,59,93,78,31,25,62,50,58,0,33,36,66,69,87,93,31,9,45,25,52,0,0,0,0,0,0,0,0,0,0,0,0,0,0,0,0,0,0,0,137512
Callon Petroleum Co,2,2016,97,108,74,70,77,77,100,157,100,107,100,92,85,70,66,61,80,73,77,68,65,53,76,77,72,86,58,56,70,69,70,56,74,55,83,78,41,29,77,56,87,79,30,20,54,38,66,0,32,36,60,64,70,74,29,10,50,23,52,0,0,0,0,0,0,0,0,0,0,0,0,0,0,0,0,0,0,0,200851
Callon Petroleum Co,2,2017,97,108,72,68,79,72,100,143,100,105,100,98,87,65,66,61,76,65,78,66,65,57,81,65,74,78,58,56,74,61,79,68,80,77,92,78,42,39,85,115,87,109,31,32,58,75,74,0,33,37,62,64,70,72,25,9,40,33,51,0,0,0,0,0,0,0,0,0,0,0,0,0,0,0,0,0,0,0,366474
Callon Petroleum Co,2,2018,88,109,71,69,71,59,100,140,100,110,100,95,86,90,73,70,79,55,72,82,67,58,76,56,66,89,58,59,62,54,77,65,83,74,84,73,42,41,90,114,98,98,0,0,0,0,0,0,33,36,64,62,84,60,33,7,48,24,47,0,0,0,0,0,0,0,0,0,0,0,0,0,0,0,0,0,0,0,587624
Callon Petroleum Co,2,2019,93,150,66,58,44,21,100,160,89,96,57,18,85,113,62,53,42,20,78,115,62,53,47,0,68,104,54,46,40,16,78,77,73,71,49,0,48,38,100,58,100,20,37,28,72,49,63,0,35,43,59,45,44,18,40,26,50,38,32,20,0,0,0,0,0,0,0,0,0,0,0,0,0,0,0,0,0,0,671572
Callon Petroleum Co,2,2020,94,143,75,73,70,65,100,150,100,109,94,93,88,115,72,68,76,63,79,115,67,67,73,67,70,91,60,54,68,64,81,67,80,67,78,76,43,32,76,63,83,87,37,32,70,61,100,0,34,46,68,57,73,52,37,19,55,39,55,29,0,0,0,0,0,0,0,0,0,0,0,0,0,0,0,0,0,0,1033147
Callon Petroleum Co,2,2021,92,137,75,82,77,65,100,117,100,92,100,85,89,100,72,79,78,67,76,83,64,54,77,60,67,78,60,50,74,57,82,70,79,73,79,70,41,29,73,59,79,68,0,0,0,0,0,0,38,46,71,54,83,54,37,20,61,39,64,44,33,15,56,34,68,49,0,0,0,0,0,0,0,0,0,0,0,0,2045030
Callon Petroleum Co,2,2022,88,127,72,72,81,63,100,136,100,115,98,93,90,125,74,72,78,61,75,90,63,57,75,61,66,83,62,56,83,59,77,56,72,62,74,61,45,29,80,42,84,77,43,24,82,40,100,0,40,63,70,59,82,56,46,14,71,35,62,29,0,0,0,0,0,0,0,0,0,0,0,0,0,0,0,0,0,0,3230964
Chesapeake Energy,3,2013,100,139,79,79,72,78,91,164,100,167,100,116,83,145,69,89,68,80,75,114,66,78,73,81,71,131,60,85,67,82,70,78,79,80,80,80,42,41,94,79,80,82,36,24,75,61,78,0,36,43,77,111,79,95,28,24,50,32,56,32,0,0,0,0,0,0,0,0,0,0,0,0,0,0,0,0,0,0,17506000
Chesapeake Energy,3,2014,100,150,78,88,66,74,93,147,100,170,96,110,85,147,71,97,65,77,77,133,68,94,68,78,74,115,62,98,61,79,67,62,79,74,79,68,42,45,96,185,100,99,32,37,68,120,77,0,38,36,84,104,79,85,29,22,52,26,43,0,0,0,0,0,0,0,0,0,0,0,0,0,0,0,0,0,0,0,20951000
Chesapeake Energy,3,2015,100,152,75,77,75,78,96,171,100,172,100,123,87,137,69,83,70,79,75,140,65,88,72,80,73,119,60,86,65,81,70,69,77,71,79,81,40,41,88,144,93,106,31,41,62,102,58,0,33,43,66,100,87,89,31,20,45,24,52,0,0,0,0,0,0,0,0,0,0,0,0,0,0,0,0,0,0,0,12764000
Chesapeake Energy,3,2016,97,135,74,68,77,0,100,171,100,150,100,0,85,133,66,70,80,0,77,130,65,74,76,0,72,107,58,69,70,0,70,61,74,60,83,0,41,34,77,71,87,0,30,27,54,55,66,0,32,34,60,68,70,0,29,22,50,31,52,0,0,0,0,0,0,0,0,0,0,0,0,0,0,0,0,0,0,0,7872000
Chesapeake Energy,3,2017,97,163,72,72,79,65,100,149,100,126,100,102,87,143,66,67,76,63,78,135,65,66,81,64,74,133,58,65,74,63,79,65,80,62,92,63,42,34,85,91,87,77,31,24,58,49,74,0,33,35,62,62,70,65,25,17,40,37,51,0,0,0,0,0,0,0,0,0,0,0,0,0,0,0,0,0,0,0,9496000
Chesapeake Energy,3,2018,88,110,71,59,71,62,100,129,100,110,100,91,86,108,73,63,79,64,72,90,67,58,76,63,66,93,58,55,62,61,77,58,83,66,84,56,42,37,90,126,98,87,0,0,0,0,0,0,33,30,64,55,84,56,33,20,48,28,47,23,0,0,0,0,0,0,0,0,0,0,0,0,0,0,0,0,0,0,10231000
Chesapeake Energy,3,2019,93,127,66,64,44,39,100,151,89,123,57,57,85,118,62,54,42,36,78,119,62,62,47,38,68,97,54,51,40,36,78,73,73,61,49,35,48,44,100,60,100,39,37,26,72,45,63,0,35,42,59,63,44,38,40,17,50,28,32,0,0,0,0,0,0,0,0,0,0,0,0,0,0,0,0,0,0,0,8595000
Chesapeake Energy,3,2020,94,95,75,69,70,55,100,113,100,124,94,89,88,72,72,58,76,50,79,73,67,65,73,55,70,68,60,67,68,54,81,95,80,90,78,61,43,60,76,93,83,92,37,32,70,51,100,0,34,35,68,79,73,54,37,15,55,27,55,0,0,0,0,0,0,0,0,0,0,0,0,0,0,0,0,0,0,0,5296000
Chesapeake Energy,3,2021,92,135,75,92,77,63,100,106,100,140,100,152,89,129,72,80,78,61,76,85,64,72,77,62,67,90,60,72,74,61,82,172,79,128,79,102,41,59,73,81,79,110,0,0,0,0,0,0,38,47,71,85,83,58,37,16,61,25,64,0,33,37,56,82,68,0,0,0,0,0,0,0,0,0,0,0,0,0,5549000
Chesapeake Energy,3,2022,88,67,72,62,81,0,100,82,100,93,98,0,90,73,74,68,78,0,75,53,63,48,75,0,66,58,62,57,83,0,77,62,72,64,74,0,45,30,80,68,84,0,43,39,82,88,100,0,40,30,70,58,82,0,46,57,71,76,62,0,0,0,0,0,0,0,0,0,0,0,0,0,0,0,0,0,0,0,11743000
Chord Energy Corp,4,2022,88,124,72,99,81,91,100,157,100,154,98,112,90,121,74,82,78,76,75,102,63,77,75,77,66,85,62,67,83,74,77,76,72,77,74,75,45,43,80,77,84,72,43,37,82,65,100,0,40,58,70,87,82,70,46,33,71,51,62,46,0,0,0,0,0,0,0,0,0,0,0,0,0,0,0,0,0,0,3646794
"CIVITAS RESOURCES, INC.",5,2021,92,127,75,71,77,66,100,186,100,148,100,90,89,140,72,69,78,70,76,121,64,66,77,66,67,104,60,59,74,69,82,62,79,76,79,75,41,34,73,63,79,77,0,0,0,0,0,0,38,73,71,88,83,77,37,43,61,62,64,48,33,14,56,31,68,43,0,0,0,0,0,0,0,0,0,0,0,0,930614
"CIVITAS RESOURCES, INC.",5,2022,88,90,72,57,81,65,100,134,100,110,98,87,90,126,74,61,78,68,75,91,63,55,75,65,66,76,62,49,83,66,77,60,72,71,74,64,45,28,80,54,84,68,43,21,82,38,100,0,40,39,70,52,82,69,46,29,71,38,62,44,0,0,0,0,0,0,0,0,0,0,0,0,0,0,0,0,0,0,3791398
ConocoPhillips,6,2013,100,105,79,73,72,63,91,53,100,66,100,86,83,73,69,57,68,56,75,77,66,54,73,61,71,57,60,48,67,55,70,78,79,65,80,56,42,48,94,71,80,94,36,46,75,90,78,0,36,58,77,102,79,37,28,33,50,69,56,0,0,0,0,0,0,0,0,0,0,0,0,0,0,0,0,0,0,0,58248000
ConocoPhillips,6,2014,100,90,78,69,66,58,93,52,100,66,96,78,85,74,71,55,65,51,77,80,68,56,68,58,74,57,62,45,61,51,67,82,79,68,79,55,42,51,96,71,100,78,32,43,68,102,77,112,38,67,84,128,79,75,29,29,52,73,43,41,0,0,0,0,0,0,0,0,0,0,0,0,0,0,0,0,0,0,55517000
ConocoPhillips,6,2015,100,121,75,61,75,62,96,56,100,55,100,84,87,103,69,54,70,58,75,100,65,57,72,66,73,82,60,41,65,58,70,91,77,69,79,68,40,44,88,62,93,94,31,30,62,46,58,0,33,26,66,36,87,36,31,21,45,33,52,29,0,0,0,0,0,0,0,0,0,0,0,0,0,0,0,0,0,0,30935000
ConocoPhillips,6,2016,97,119,74,63,77,66,100,61,100,56,100,84,85,115,66,54,80,61,77,103,65,60,76,72,72,84,58,42,70,62,70,97,74,81,83,81,41,46,77,63,87,95,30,32,54,46,66,0,32,30,60,43,70,46,29,19,50,42,52,41,0,0,0,0,0,0,0,0,0,0,0,0,0,0,0,0,0,0,24360000
ConocoPhillips,6,2017,97,109,72,61,79,62,100,66,100,58,100,87,87,98,66,57,76,63,78,102,65,60,81,68,74,88,58,50,74,65,79,130,80,85,92,86,42,50,85,69,87,90,31,42,58,75,74,103,33,34,62,46,70,51,25,12,40,26,51,0,0,0,0,0,0,0,0,0,0,0,0,0,0,0,0,0,0,0,32584000
ConocoPhillips,6,2018,88,84,71,73,71,63,100,73,100,90,100,133,86,94,73,85,79,59,72,78,67,64,76,69,66,61,58,60,62,57,77,80,83,70,84,69,42,41,90,67,98,82,0,0,0,0,0,0,33,58,64,87,84,55,33,46,48,68,47,62,0,0,0,0,0,0,0,0,0,0,0,0,0,0,0,0,0,0,38727000
ConocoPhillips,6,2019,93,89,66,72,44,41,100,77,89,83,57,57,85,95,62,79,42,39,78,72,62,63,47,44,68,64,54,61,40,40,78,80,73,73,49,43,48,61,100,161,100,56,37,85,72,173,63,90,35,58,59,88,44,29,40,35,50,52,32,0,0,0,0,0,0,0,0,0,0,0,0,0,0,0,0,0,0,0,36670000
ConocoPhillips,6,2020,94,108,75,84,70,48,100,65,100,74,94,79,88,109,72,85,76,48,79,96,67,68,73,41,70,79,60,64,68,43,81,60,80,55,78,0,43,36,76,71,83,0,37,50,70,108,100,221,34,46,68,80,73,59,37,15,55,40,55,0,0,0,0,0,0,0,0,0,0,0,0,0,0,0,0,0,0,0,19256000
ConocoPhillips,6,2021,92,97,75,86,77,62,100,71,100,86,100,92,89,97,72,85,78,60,76,84,64,68,77,64,67,73,60,70,74,59,82,55,79,55,79,65,41,35,73,64,79,98,0,0,0,0,0,0,38,64,71,101,83,65,37,23,61,54,64,0,33,0,56,0,68,0,0,0,0,0,0,0,0,0,0,0,0,0,48349000
ConocoPhillips,6,2022,88,102,72,87,81,0,100,68,100,81,98,0,90,95,74,76,78,0,75,80,63,61,75,0,66,69,62,64,83,0,77,60,72,53,74,0,45,38,80,70,84,0,43,61,82,122,100,0,40,56,70,87,82,0,46,21,71,44,62,0,0,0,0,0,0,0,0,0,0,0,0,0,0,0,0,0,0,0,82156000
Coterra Energy Inc.,7,2021,92,119,75,80,77,0,100,144,100,119,100,0,89,151,72,87,78,0,76,115,64,72,77,0,67,85,60,63,74,0,82,66,79,65,79,0,41,34,73,97,79,0,0,0,0,0,0,0,38,42,71,83,83,0,37,26,61,58,64,0,33,0,56,0,68,0,0,0,0,0,0,0,0,0,0,0,0,0,3449000
Coterra Energy Inc.,7,2022,88,84,72,59,81,70,100,74,100,77,98,85,90,96,74,59,78,65,75,68,63,52,75,65,66,65,62,51,83,64,77,66,72,73,74,71,45,29,80,89,84,66,43,20,82,46,100,0,40,30,70,53,82,70,46,27,71,52,62,35,0,0,0,0,0,0,0,0,0,0,0,0,0,0,0,0,0,0,9051000
Crescent Energy Co,8,2016,97,128,74,66,77,0,100,103,100,90,100,0,85,101,66,58,80,0,77,107,65,58,76,0,72,90,58,60,70,0,70,32,74,51,83,0,41,27,77,45,87,0,30,24,54,44,66,0,32,30,60,77,70,0,29,13,50,34,52,0,0,0,0,0,0,0,0,0,0,0,0,0,0,0,0,0,0,0,1939900
Crescent Energy Co,8,2017,97,142,72,62,79,77,100,103,100,93,100,85,87,114,66,55,76,79,78,120,65,54,81,73,74,95,58,53,74,79,79,32,80,52,92,71,42,28,85,46,87,102,31,28,58,48,74,80,33,29,62,87,70,79,25,14,40,42,51,0,0,0,0,0,0,0,0,0,0,0,0,0,0,0,0,0,0,0,2796000
Crescent Energy Co,8,2018,88,126,71,63,71,0,100,108,100,91,100,0,86,104,73,56,79,0,72,165,67,66,76,0,66,82,58,56,62,0,77,30,83,52,84,0,42,27,90,46,98,0,0,0,0,0,0,0,33,30,64,91,84,0,33,14,48,43,47,0,0,0,0,0,0,0,0,0,0,0,0,0,0,0,0,0,0,0,3356000
Crescent Energy Co,8,2019,93,87,66,42,44,42,100,97,89,71,57,46,85,96,62,48,42,43,78,121,62,47,47,44,68,69,54,46,40,38,78,26,73,47,49,40,48,21,100,47,100,52,37,25,72,44,63,27,35,23,59,48,44,36,40,18,50,46,32,23,0,0,0,0,0,0,0,0,0,0,0,0,0,0,0,0,0,0,2656200
Crescent Energy Co,8,2020,94,86,75,58,70,65,100,90,100,78,94,80,88,97,72,53,76,69,79,111,67,52,73,71,70,73,60,55,68,68,81,27,80,55,78,75,43,23,76,51,83,95,37,26,70,53,100,55,34,28,68,66,73,63,37,22,55,49,55,50,0,0,0,0,0,0,0,0,0,0,0,0,0,0,0,0,0,0,2003600
Crescent Energy Co,8,2021,92,75,75,56,77,0,100,80,100,74,100,0,89,84,72,53,78,0,76,85,64,47,77,0,67,59,60,54,74,0,82,29,79,57,79,0,41,22,73,51,79,0,0,0,0,0,0,0,38,28,71,61,83,0,37,27,61,48,64,0,33,0,56,0,68,0,0,0,0,0,0,0,0,0,0,0,0,0,2439900
Crescent Energy Co,8,2022,88,78,72,56,81,71,100,79,100,74,98,82,90,83,74,54,78,73,75,86,63,46,75,73,66,65,62,57,83,71,77,29,72,53,74,92,45,22,80,48,84,110,43,21,82,52,100,0,40,28,70,65,82,59,46,27,71,46,62,41,0,0,0,0,0,0,0,0,0,0,0,0,0,0,0,0,0,0,3578400
DEVON ENERGY CORP,9,2017,97,99,72,57,79,54,100,82,100,82,100,96,87,81,66,53,76,54,78,74,65,48,81,55,74,75,58,50,74,56,79,81,80,64,92,70,42,40,85,50,87,91,31,28,58,50,74,0,33,43,62,91,70,73,25,15,40,23,51,0,0,0,0,0,0,0,0,0,0,0,0,0,0,0,0,0,0,0,13949000
DEVON ENERGY CORP,9,2018,88,106,71,64,71,54,100,73,100,78,100,79,86,88,73,55,79,50,72,61,67,47,76,50,66,76,58,53,62,50,77,69,83,73,84,62,42,37,90,44,98,72,0,0,0,0,0,0,33,39,64,86,84,68,33,12,48,24,47,0,0,0,0,0,0,0,0,0,0,0,0,0,0,0,0,0,0,0,10734000
DEVON ENERGY CORP,9,2019,93,132,66,69,44,37,100,86,89,81,57,49,85,110,62,51,42,28,78,73,62,45,47,27,68,72,54,47,40,29,78,97,73,80,49,42,48,46,100,47,100,46,37,29,72,39,63,0,35,41,59,75,44,37,40,15,50,29,32,0,0,0,0,0,0,0,0,0,0,0,0,0,0,0,0,0,0,0,6220000
DEVON ENERGY CORP,9,2020,94,109,75,82,70,71,100,90,100,94,94,86,88,81,72,58,76,53,79,59,67,51,73,54,70,71,60,64,68,57,81,82,80,84,78,65,43,34,76,56,83,83,37,28,70,44,100,0,34,32,68,71,73,53,37,14,55,25,55,0,0,0,0,0,0,0,0,0,0,0,0,0,0,0,0,0,0,0,4828000
DEVON ENERGY CORP,9,2021,92,83,75,62,77,57,100,65,100,77,100,75,89,63,72,61,78,48,76,57,64,49,77,48,67,57,60,55,74,61,82,81,79,71,79,64,41,31,73,51,79,68,0,0,0,0,0,0,38,20,71,41,83,49,37,66,61,77,64,70,33,6,56,49,68,0,0,0,0,0,0,0,0,0,0,0,0,0,12206000
DEVON ENERGY CORP,9,2022,88,89,72,58,81,59,100,78,100,77,98,78,90,85,74,53,78,52,75,68,63,53,75,53,66,66,62,57,83,55,77,77,72,62,74,61,45,35,80,52,84,81,43,26,82,41,100,0,40,32,70,65,82,63,46,12,71,22,62,0,0,0,0,0,0,0,0,0,0,0,0,0,0,0,0,0,0,0,19169000
"Diamondback Energy, Inc.",10,2020,94,125,75,80,70,81,100,154,100,122,94,103,88,143,72,83,76,81,79,126,67,82,73,82,70,127,60,77,68,86,81,76,80,75,78,65,43,40,76,68,83,77,37,27,70,52,100,0,34,59,68,106,73,97,37,26,55,34,55,29,0,0,0,0,0,0,0,0,0,0,0,0,0,0,0,0,0,0,2813000
"Diamondback Energy, Inc.",10,2021,92,107,75,68,77,77,100,130,100,109,100,102,89,136,72,74,78,81,76,105,64,74,77,80,67,88,60,59,74,78,82,70,79,77,79,66,41,36,73,97,79,80,0,0,0,0,0,0,38,49,71,80,83,103,37,21,61,37,64,38,33,24,56,48,68,48,0,0,0,0,0,0,0,0,0,0,0,0,6797000
"Diamondback Energy, Inc.",10,2022,88,90,72,68,81,71,100,134,100,121,98,110,90,143,74,87,78,79,75,101,63,84,75,75,66,77,62,64,83,74,77,74,72,78,74,68,45,44,80,63,84,76,43,26,82,47,100,63,40,51,70,90,82,103,46,21,71,42,62,36,0,0,0,0,0,0,0,0,0,0,0,0,0,0,0,0,0,0,9643000
Diversified Energy,11,2015,100,32,75,28,75,46,96,61,100,70,100,57,87,20,69,29,70,41,75,25,65,33,72,50,73,22,60,30,65,47,70,38,77,63,79,78,40,29,88,41,93,66,31,0,62,0,58,0,33,0,66,0,87,0,31,0,45,0,52,0,0,0,0,0,0,0,0,0,0,0,0,0,0,0,0,0,0,0,6304
Diversified Energy,11,2016,97,41,74,36,77,49,100,58,100,65,100,73,85,15,66,28,80,35,77,29,65,33,76,43,72,24,58,30,70,43,70,50,74,53,83,69,41,34,77,34,87,56,30,12,54,34,66,0,32,0,60,0,70,0,29,0,50,0,52,0,0,0,0,0,0,0,0,0,0,0,0,0,0,0,0,0,0,0,18279
Diversified Energy,11,2017,97,44,72,42,79,51,100,55,100,67,100,58,87,35,66,37,76,39,78,33,65,33,81,42,74,35,58,35,74,41,79,39,80,44,92,55,42,23,85,39,87,55,31,14,58,36,74,0,33,0,62,0,70,0,25,11,40,23,51,0,0,0,0,0,0,0,0,0,0,0,0,0,0,0,0,0,0,0,41777
Diversified Energy,11,2018,88,52,71,37,71,45,100,52,100,76,100,68,86,32,73,43,79,41,72,36,67,37,76,43,66,59,58,39,62,41,77,37,83,44,84,60,42,22,90,38,98,53,0,0,0,0,0,0,33,0,64,0,84,0,33,5,48,45,47,0,0,0,0,0,0,0,0,0,0,0,0,0,0,0,0,0,0,0,289769
Diversified Energy,11,2019,93,42,66,52,44,56,100,44,89,63,57,49,85,48,62,47,42,25,78,50,62,45,47,24,68,37,54,37,40,24,78,43,73,46,49,0,48,21,100,42,100,60,37,19,72,47,63,28,35,15,59,38,44,90,40,53,50,64,32,53,0,0,0,0,0,0,0,0,0,0,0,0,0,0,0,0,0,0,462256
Diversified Energy,11,2020,94,59,75,64,70,56,100,65,100,87,94,70,88,62,72,68,76,53,79,51,67,55,73,56,70,48,60,49,68,48,81,75,80,83,78,71,43,36,76,64,83,85,37,41,70,89,100,126,34,22,68,60,73,47,37,54,55,71,55,69,0,0,0,0,0,0,0,0,0,0,0,0,0,0,0,0,0,0,408693
Diversified Energy,11,2021,92,50,75,54,77,61,100,51,100,67,100,63,89,59,72,72,78,52,76,52,64,53,77,48,67,44,60,54,74,50,82,79,79,82,79,75,41,45,73,74,79,84,0,0,0,0,0,0,38,23,71,66,83,52,37,43,61,64,64,66,33,31,56,61,68,54,0,0,0,0,0,0,0,0,0,0,0,0,1007561
Diversified Energy,11,2022,88,58,72,61,81,49,100,55,100,77,98,99,90,45,74,63,78,56,75,46,63,47,75,56,66,42,62,53,83,57,77,79,72,68,74,66,45,42,80,68,84,78,43,50,82,97,100,146,40,26,70,64,82,61,46,66,71,76,62,56,0,0,0,0,0,0,0,0,0,0,0,0,0,0,0,0,0,0,1919349
Enerplus Resources (USA) Corporation,12,2013,100,188,79,91,72,68,91,132,100,113,100,97,83,133,69,79,68,72,75,126,66,78,73,71,71,140,60,77,67,69,70,62,79,76,80,72,42,44,94,68,80,90,36,31,75,60,78,0,36,31,77,66,79,43,28,32,50,75,56,48,0,0,0,0,0,0,0,0,0,0,0,0,0,0,0,0,0,0,1310602
Enerplus Resources (USA) Corporation,12,2014,100,182,78,82,66,74,93,128,100,100,96,93,85,137,71,78,65,77,77,139,68,86,68,78,74,141,62,72,61,75,67,56,79,72,79,64,42,30,96,52,100,71,32,25,68,51,77,41,38,27,84,54,79,38,29,41,52,71,43,50,0,0,0,0,0,0,0,0,0,0,0,0,0,0,0,0,0,0,1760567
Enerplus Resources (USA) Corporation,12,2015,100,188,75,94,75,84,96,161,100,132,100,113,87,145,69,81,70,89,75,133,65,87,72,90,73,170,60,98,65,88,70,66,77,73,79,89,40,45,88,73,93,100,31,33,62,54,58,0,33,43,66,71,87,57,31,28,45,45,52,23,0,0,0,0,0,0,0,0,0,0,0,0,0,0,0,0,0,0,884392
Enerplus Resources (USA) Corporation,12,2016,97,174,74,104,77,93,100,161,100,125,100,116,85,120,66,81,80,96,77,104,65,83,76,94,72,144,58,91,70,96,70,72,74,75,83,98,41,42,77,56,87,88,30,31,54,49,66,0,32,37,60,52,70,70,29,32,50,45,52,41,0,0,0,0,0,0,0,0,0,0,0,0,0,0,0,0,0,0,722732
Enerplus Resources (USA) Corporation,12,2017,97,172,72,106,79,95,100,166,100,142,100,118,87,136,66,93,76,100,78,112,65,90,81,97,74,145,58,98,74,98,79,77,80,75,92,87,42,44,85,62,87,93,31,33,58,53,74,0,33,46,62,72,70,72,25,37,40,49,51,47,0,0,0,0,0,0,0,0,0,0,0,0,0,0,0,0,0,0,920693
Enerplus Resources (USA) Corporation,12,2018,88,152,71,94,71,23,100,165,100,140,100,29,86,127,73,81,79,24,72,101,67,84,76,29,66,117,58,88,62,26,77,72,83,71,84,0,42,43,90,65,98,0,0,0,0,0,0,0,33,43,64,77,84,0,33,35,48,48,47,18,0,0,0,0,0,0,0,0,0,0,0,0,0,0,0,0,0,0,1380968
Enerplus Resources (USA) Corporation,12,2019,93,184,66,96,44,49,100,175,89,121,57,58,85,141,62,80,42,53,78,112,62,80,47,52,68,151,54,86,40,52,78,77,73,66,49,50,48,48,100,60,100,52,37,26,72,39,63,0,35,47,59,70,44,43,40,33,50,42,32,20,0,0,0,0,0,0,0,0,0,0,0,0,0,0,0,0,0,0,1188735
Enerplus Resources (USA) Corporation,12,2020,94,162,75,92,70,84,100,177,100,121,94,107,88,122,72,74,76,90,79,116,67,88,73,89,70,139,60,85,68,88,81,75,80,78,78,87,43,53,76,77,83,89,37,26,70,46,100,0,34,48,68,85,73,67,37,28,55,48,55,32,0,0,0,0,0,0,0,0,0,0,0,0,0,0,0,0,0,0,846024
Enerplus Resources (USA) Corporation,12,2021,92,187,75,94,77,88,100,198,100,139,100,117,89,147,72,81,78,93,76,133,64,90,77,95,67,153,60,86,74,94,82,87,79,92,79,93,41,59,73,75,79,92,0,0,0,0,0,0,38,49,71,90,83,84,37,31,61,52,64,35,33,21,56,49,68,0,0,0,0,0,0,0,0,0,0,0,0,0,1208143
Enerplus Resources (USA) Corporation,12,2022,88,178,72,82,81,87,100,183,100,127,98,122,90,165,74,81,78,92,75,129,63,84,75,93,66,149,62,75,83,91,77,96,72,92,74,97,45,65,80,76,84,101,43,33,82,44,100,0,40,37,70,71,82,87,46,32,71,54,62,32,0,0,0,0,0,0,0,0,0,0,0,0,0,0,0,0,0,0,2155688
"EOG Resources, Inc.",13,2013,100,135,79,82,72,72,91,136,100,109,100,89,83,126,69,75,68,66,75,128,66,78,73,70,71,75,60,58,67,65,70,67,79,81,80,83,42,35,94,113,80,99,36,22,75,57,78,47,36,38,77,66,79,64,28,15,50,35,56,0,0,0,0,0,0,0,0,0,0,0,0,0,0,0,0,0,0,0,14487118
"EOG Resources, Inc.",13,2014,100,126,78,81,66,0,93,132,100,113,96,0,85,117,71,76,65,0,77,111,68,76,68,0,74,74,62,58,61,0,67,58,79,75,79,0,42,33,96,112,100,0,32,26,68,65,77,0,38,35,84,67,79,0,29,15,52,32,43,0,0,0,0,0,0,0,0,0,0,0,0,0,0,0,0,0,0,0,18035340
"EOG Resources, Inc.",13,2015,100,132,75,78,75,70,96,136,100,112,100,95,87,120,69,71,70,70,75,117,65,70,72,69,73,81,60,53,65,66,70,58,77,64,79,85,40,33,88,119,93,103,31,28,62,56,58,54,33,36,66,67,87,64,31,15,45,32,52,0,0,0,0,0,0,0,0,0,0,0,0,0,0,0,0,0,0,0,8757428
"EOG Resources, Inc.",13,2016,97,137,74,84,77,73,100,156,100,121,100,102,85,126,66,76,80,74,77,116,65,75,76,75,72,84,58,58,70,70,70,58,74,62,83,88,41,38,77,118,87,116,30,30,54,51,66,81,32,39,60,66,70,67,29,15,50,31,52,0,0,0,0,0,0,0,0,0,0,0,0,0,0,0,0,0,0,0,7650632
"EOG Resources, Inc.",13,2017,97,122,72,65,79,67,100,131,100,100,100,105,87,120,66,69,76,60,78,118,65,75,81,69,74,80,58,47,74,58,79,70,80,76,92,79,42,41,85,111,87,116,31,30,58,57,74,0,33,37,62,61,70,58,25,19,40,29,51,29,0,0,0,0,0,0,0,0,0,0,0,0,0,0,0,0,0,0,11208320
"EOG Resources, Inc.",13,2018,88,111,71,67,71,68,100,107,100,93,100,103,86,107,73,64,79,67,72,105,67,75,76,77,66,76,58,49,62,64,77,71,83,77,84,74,42,36,90,132,98,126,0,0,0,0,0,0,33,26,64,43,84,63,33,17,48,37,47,33,0,0,0,0,0,0,0,0,0,0,0,0,0,0,0,0,0,0,17275399
"EOG Resources, Inc.",13,2019,93,108,66,63,44,41,100,104,89,95,57,60,85,104,62,63,42,42,78,114,62,74,47,44,68,71,54,50,40,40,78,57,73,65,49,51,48,31,100,103,100,76,37,24,72,56,63,52,35,33,59,52,44,40,40,26,50,45,32,26,0,0,0,0,0,0,0,0,0,0,0,0,0,0,0,0,0,0,17379973
"EOG Resources, Inc.",13,2020,94,127,75,86,70,77,100,125,100,127,94,111,88,100,72,76,76,68,79,118,67,78,73,79,70,81,60,62,68,62,81,70,80,74,78,74,43,28,76,99,83,129,37,25,70,69,100,79,34,37,68,87,73,70,37,21,55,41,55,44,0,0,0,0,0,0,0,0,0,0,0,0,0,0,0,0,0,0,11032000
"EOG Resources, Inc.",13,2021,92,112,75,88,77,80,100,103,100,113,100,114,89,98,72,85,78,74,76,101,64,82,77,78,67,62,60,60,74,69,82,67,79,77,79,93,41,26,73,88,79,127,0,0,0,0,0,0,38,45,71,92,83,76,37,30,61,45,64,41,33,12,56,78,68,0,0,0,0,0,0,0,0,0,0,0,0,0,18642000
"EOG Resources, Inc.",13,2022,88,125,72,103,81,86,100,154,100,147,98,109,90,120,74,89,78,90,75,100,63,88,75,91,66,70,62,70,83,92,77,64,72,74,74,90,45,35,80,118,84,129,43,32,82,79,100,100,40,43,70,59,82,73,46,11,71,24,62,0,0,0,0,0,0,0,0,0,0,0,0,0,0,0,0,0,0,0,25702000
EQT Corp,14,2013,100,56,79,58,72,57,91,51,100,79,100,95,83,49,69,61,68,51,75,53,66,67,73,61,71,45,60,51,67,52,70,71,79,78,80,70,42,35,94,72,80,78,36,19,75,51,78,0,36,13,77,42,79,0,28,39,50,43,56,33,0,0,0,0,0,0,0,0,0,0,0,0,0,0,0,0,0,0,1862011
EQT Corp,14,2014,100,62,78,64,66,54,93,51,100,76,96,98,85,65,71,75,65,57,77,58,68,73,68,67,74,50,62,60,61,56,67,71,79,86,79,74,42,36,96,74,100,88,32,23,68,64,77,0,38,14,84,43,79,41,29,40,52,44,43,31,0,0,0,0,0,0,0,0,0,0,0,0,0,0,0,0,0,0,2469710
EQT Corp,14,2015,100,63,75,63,75,37,96,53,100,71,100,46,87,92,69,92,70,35,75,66,65,75,72,34,73,58,60,66,65,36,70,81,77,81,79,36,40,34,88,75,93,29,31,25,62,56,58,0,33,20,66,47,87,29,31,27,45,36,52,35,0,0,0,0,0,0,0,0,0,0,0,0,0,0,0,0,0,0,2339762
EQT Corp,14,2016,97,64,74,69,77,57,100,55,100,70,100,91,85,55,66,66,80,51,77,56,65,63,76,61,72,47,58,51,70,51,70,80,74,74,83,70,41,25,77,65,87,85,30,21,54,50,66,0,32,13,60,30,70,31,29,27,50,34,52,35,0,0,0,0,0,0,0,0,0,0,0,0,0,0,0,0,0,0,1608348
EQT Corp,14,2017,97,77,72,69,79,55,100,61,100,71,100,107,87,69,66,69,76,55,78,68,65,63,81,64,74,59,58,54,74,53,79,96,80,81,92,75,42,36,85,79,87,53,31,21,58,58,74,0,33,16,62,33,70,36,25,49,40,42,51,42,0,0,0,0,0,0,0,0,0,0,0,0,0,0,0,0,0,0,3378015
EQT Corp,14,2018,88,78,71,74,71,55,100,67,100,81,100,109,86,129,73,128,79,112,72,53,67,65,76,57,66,52,58,60,62,55,77,112,83,113,84,80,42,56,90,132,98,129,0,0,0,0,0,0,33,22,64,52,84,34,33,49,48,53,47,43,0,0,0,0,0,0,0,0,0,0,0,0,0,0,0,0,0,0,4557868
EQT Corp,14,2019,93,74,66,64,44,32,100,71,89,79,57,59,85,62,62,67,42,34,78,53,62,49,47,29,68,46,54,49,40,28,78,94,73,92,49,41,48,46,100,111,100,57,37,39,72,90,63,54,35,23,59,47,44,31,40,72,50,63,32,31,0,0,0,0,0,0,0,0,0,0,0,0,0,0,0,0,0,0,4416484
EQT Corp,14,2020,94,97,75,75,70,55,100,79,100,98,94,108,88,79,72,71,76,50,79,63,67,57,73,49,70,53,60,54,68,49,81,97,80,93,78,60,43,34,76,72,83,60,37,35,70,78,100,0,34,30,68,60,73,54,37,64,55,72,55,54,0,0,0,0,0,0,0,0,0,0,0,0,0,0,0,0,0,0,3058843
EQT Corp,14,2021,92,93,75,74,77,56,100,84,100,105,100,108,89,71,72,74,78,55,76,69,64,58,77,50,67,58,60,57,74,50,82,75,79,78,79,67,41,29,73,69,79,48,0,0,0,0,0,0,38,38,71,73,83,73,37,60,61,70,64,53,33,36,56,75,68,53,0,0,0,0,0,0,0,0,0,0,0,0,3064663
EQT Corp,14,2022,88,90,72,69,81,46,100,84,100,98,98,68,90,75,74,73,78,47,75,66,63,56,75,44,66,63,62,54,83,46,77,73,72,73,74,0,45,29,80,61,84,47,43,29,82,77,100,0,40,36,70,67,82,62,46,62,71,61,62,42,0,0,0,0,0,0,0,0,0,0,0,0,0,0,0,0,0,0,7497689
GULFPORT ENERGY,15,2013,100,180,79,90,72,79,91,167,100,133,100,99,83,164,69,81,68,81,75,131,66,78,73,78,71,136,60,70,67,78,70,71,79,81,80,101,42,39,94,71,80,73,36,22,75,55,78,0,36,51,77,113,79,78,28,20,50,37,56,0,0,0,0,0,0,0,0,0,0,0,0,0,0,0,0,0,0,0,262753
GULFPORT ENERGY,15,2014,100,180,78,91,66,78,93,169,100,140,96,101,85,154,71,82,65,79,77,126,68,78,68,76,74,148,62,76,61,77,67,60,79,89,79,109,42,36,96,74,100,85,32,24,68,55,77,0,38,58,84,108,79,79,29,17,52,33,43,0,0,0,0,0,0,0,0,0,0,0,0,0,0,0,0,0,0,0,671266
GULFPORT ENERGY,15,2015,100,182,75,89,75,87,96,162,100,127,100,110,87,149,69,76,70,90,75,117,65,72,72,84,73,136,60,68,65,84,70,56,77,69,79,116,40,35,88,77,93,88,31,25,62,52,58,0,33,50,66,86,87,79,31,16,45,46,52,0,0,0,0,0,0,0,0,0,0,0,0,0,0,0,0,0,0,0,708990
GULFPORT ENERGY,15,2016,97,180,74,84,77,86,100,165,100,129,100,109,85,112,66,67,80,88,77,124,65,72,76,83,72,127,58,67,70,85,70,56,74,63,83,94,41,32,77,65,87,74,30,26,54,48,66,0,32,50,60,77,70,76,29,16,50,38,52,0,0,0,0,0,0,0,0,0,0,0,0,0,0,0,0,0,0,0,385910
GULFPORT ENERGY,15,2017,97,149,72,78,79,0,100,175,100,133,100,0,87,110,66,67,76,0,78,95,65,64,81,0,74,110,58,64,74,0,79,59,80,68,92,0,42,27,85,62,87,0,31,24,58,53,74,0,33,51,62,81,70,0,25,16,40,38,51,0,0,0,0,0,0,0,0,0,0,0,0,0,0,0,0,0,0,0,1320303
GULFPORT ENERGY,15,2018,88,142,71,79,71,77,100,160,100,140,100,106,86,108,73,71,79,79,72,98,67,72,76,76,66,111,58,67,62,75,77,59,83,68,84,88,42,27,90,63,98,76,0,0,0,0,0,0,33,51,64,88,84,74,33,16,48,46,47,0,0,0,0,0,0,0,0,0,0,0,0,0,0,0,0,0,0,0,1551701
GULFPORT ENERGY,15,2019,93,129,66,71,44,0,100,135,89,116,57,0,85,95,62,59,42,0,78,105,62,61,47,0,68,92,54,50,40,0,78,54,73,53,49,0,48,34,100,50,100,0,37,28,72,45,63,0,35,46,59,67,44,0,40,15,50,20,32,0,0,0,0,0,0,0,0,0,0,0,0,0,0,0,0,0,0,0,1563126
GULFPORT ENERGY,15,2020,94,136,75,84,70,67,100,133,100,117,94,89,88,112,72,72,76,68,79,113,67,70,73,68,70,108,60,58,68,65,81,67,80,72,78,60,43,31,76,59,83,76,37,44,70,72,100,0,34,51,68,79,73,74,37,22,55,36,55,0,0,0,0,0,0,0,0,0,0,0,0,0,0,0,0,0,0,0,866542
GULFPORT ENERGY,15,2021,92,118,75,76,77,74,100,130,100,124,100,97,89,108,72,69,78,72,76,110,64,66,77,74,67,94,60,54,74,70,82,67,79,69,79,70,41,34,73,70,79,79,0,0,0,0,0,0,38,52,71,69,83,79,37,23,61,32,64,0,33,29,56,48,68,58,0,0,0,0,0,0,0,0,0,0,0,0,808802
GULFPORT ENERGY,15,2022,88,112,72,71,81,71,100,118,100,101,98,92,90,108,74,69,78,73,75,95,63,61,75,72,66,90,62,52,83,70,77,69,72,64,74,66,45,33,80,87,84,73,43,28,82,52,100,92,40,49,70,69,82,90,46,26,71,35,62,29,0,0,0,0,0,0,0,0,0,0,0,0,0,0,0,0,0,0,1331112
Hess,16,2013,100,79,79,62,72,66,91,44,100,58,100,79,83,69,69,49,68,50,75,78,66,58,73,74,71,64,60,49,67,52,70,80,79,111,80,113,42,45,94,87,80,109,36,29,75,50,78,73,36,24,77,54,79,54,28,35,50,51,56,51,0,0,0,0,0,0,0,0,0,0,0,0,0,0,0,0,0,0,14028000
Hess,16,2014,100,79,78,62,66,57,93,48,100,65,96,76,85,62,71,50,65,43,77,65,68,58,68,69,74,65,62,50,61,45,67,104,79,140,79,117,42,43,96,82,100,102,32,27,68,57,77,60,38,26,84,59,79,45,29,31,52,57,43,42,0,0,0,0,0,0,0,0,0,0,0,0,0,0,0,0,0,0,11439000
Hess,16,2015,100,72,75,62,75,0,96,46,100,67,100,0,87,69,69,51,70,0,75,60,65,59,72,0,73,60,60,53,65,0,70,111,77,128,79,0,40,45,88,77,93,0,31,35,62,84,58,0,33,25,66,58,87,0,31,38,45,59,52,0,0,0,0,0,0,0,0,0,0,0,0,0,0,0,0,0,0,0,6561000
Hess,16,2016,97,78,74,64,77,64,100,54,100,66,100,78,85,76,66,53,80,53,77,71,65,56,76,67,72,60,58,48,70,54,70,140,74,124,83,109,41,52,77,78,87,94,30,32,54,62,66,77,32,28,60,58,70,55,29,46,50,71,52,64,0,0,0,0,0,0,0,0,0,0,0,0,0,0,0,0,0,0,4839000
Hess,16,2017,97,80,72,58,79,60,100,52,100,71,100,72,87,61,66,47,76,48,78,74,65,52,81,61,74,61,58,44,74,51,79,116,80,118,92,114,42,47,85,73,87,96,31,29,58,56,74,68,33,26,62,43,70,47,25,33,40,69,51,71,0,0,0,0,0,0,0,0,0,0,0,0,0,0,0,0,0,0,5391000
Hess,16,2018,88,70,71,56,71,52,100,48,100,74,100,60,86,54,73,48,79,44,72,67,67,60,76,54,66,61,58,51,62,45,77,93,83,123,84,117,42,40,90,81,98,106,0,0,0,0,0,0,33,25,64,45,84,45,33,31,48,65,47,60,0,0,0,0,0,0,0,0,0,0,0,0,0,0,0,0,0,0,6466000
Hess,16,2019,93,74,66,53,44,37,100,55,89,71,57,39,85,63,62,46,42,30,78,72,62,56,47,39,68,57,54,45,40,34,78,100,73,111,49,69,48,35,100,65,100,60,37,37,72,62,63,49,35,26,59,49,44,32,40,37,50,59,32,39,0,0,0,0,0,0,0,0,0,0,0,0,0,0,0,0,0,0,6510000
Hess,16,2020,94,80,75,69,70,70,100,65,100,90,94,104,88,71,72,54,76,69,79,88,67,72,73,82,70,60,60,56,68,67,81,85,80,116,78,116,43,40,76,83,83,112,37,42,70,82,100,90,34,32,68,58,73,60,37,61,55,86,55,0,0,0,0,0,0,0,0,0,0,0,0,0,0,0,0,0,0,0,4804000
Hess,16,2021,92,86,75,64,77,66,100,67,100,92,100,93,89,71,72,51,78,48,76,85,64,60,77,66,67,67,60,55,74,68,82,68,79,90,79,100,41,37,73,74,79,100,0,0,0,0,0,0,38,35,71,55,83,53,37,54,61,89,64,63,33,0,56,0,68,0,0,0,0,0,0,0,0,0,0,0,0,0,7583000
Hess,16,2022,88,98,72,67,81,68,100,63,100,91,98,94,90,70,74,53,78,52,75,84,63,63,75,64,66,72,62,61,83,73,77,64,72,79,74,97,45,38,80,76,84,94,43,43,82,75,100,103,40,34,70,57,82,52,46,49,71,70,62,69,0,0,0,0,0,0,0,0,0,0,0,0,0,0,0,0,0,0,11570000
MARATHON OIL,17,2013,100,126,79,89,72,77,91,113,100,151,100,119,83,81,69,80,68,70,75,92,66,69,73,74,71,101,60,63,67,63,70,83,79,92,80,76,42,49,94,155,80,100,36,46,75,125,78,111,36,44,77,113,79,94,28,17,50,47,56,0,0,0,0,0,0,0,0,0,0,0,0,0,0,0,0,0,0,0,11783000
MARATHON OIL,17,2014,100,119,78,87,66,77,93,120,100,148,96,110,85,80,71,76,65,71,77,89,68,73,68,74,74,93,62,65,61,69,67,76,79,91,79,74,42,40,96,114,100,82,32,46,68,114,77,87,38,47,84,121,79,91,29,19,52,45,43,0,0,0,0,0,0,0,0,0,0,0,0,0,0,0,0,0,0,0,11258000
MARATHON OIL,17,2015,100,112,75,74,75,92,96,98,100,112,100,113,87,77,69,57,70,86,75,80,65,56,72,85,73,62,60,42,65,88,70,65,77,81,79,79,40,39,88,92,93,93,31,31,62,76,58,99,33,36,66,92,87,100,31,26,45,46,52,0,0,0,0,0,0,0,0,0,0,0,0,0,0,0,0,0,0,0,4953000
MARATHON OIL,17,2016,97,132,74,86,77,0,100,121,100,163,100,0,85,104,66,74,80,0,77,94,65,74,76,0,72,100,58,67,70,0,70,74,74,89,83,0,41,42,77,121,87,0,30,52,54,144,66,0,32,52,60,122,70,0,29,15,50,38,52,0,0,0,0,0,0,0,0,0,0,0,0,0,0,0,0,0,0,0,3787000
MARATHON OIL,17,2017,97,133,72,112,79,109,100,111,100,150,100,145,87,105,66,98,76,92,78,92,65,83,81,98,74,110,58,73,74,81,79,108,80,103,92,94,42,53,85,138,87,118,31,51,58,140,74,131,33,55,62,136,70,142,25,17,40,41,51,0,0,0,0,0,0,0,0,0,0,0,0,0,0,0,0,0,0,0,4765000
MARATHON OIL,17,2018,88,86,71,82,71,85,100,68,100,95,100,101,86,62,73,63,79,74,72,64,67,63,76,95,66,47,58,45,62,69,77,104,83,114,84,88,42,41,90,109,98,110,0,0,0,0,0,0,33,28,64,60,84,82,33,58,48,51,47,43,0,0,0,0,0,0,0,0,0,0,0,0,0,0,0,0,0,0,6582000
MARATHON OIL,17,2019,93,84,66,63,44,30,100,76,89,90,57,43,85,62,62,55,42,23,78,63,62,53,47,21,68,53,54,43,40,21,78,96,73,87,49,0,48,41,100,104,100,38,37,31,72,78,63,62,35,35,59,63,44,22,40,61,50,54,32,28,0,0,0,0,0,0,0,0,0,0,0,0,0,0,0,0,0,0,5190000
MARATHON OIL,17,2020,94,79,75,69,70,67,100,76,100,104,94,115,88,55,72,63,76,64,79,61,67,63,73,77,70,53,60,55,68,62,81,82,80,92,78,75,43,42,76,117,83,96,37,31,70,95,100,109,34,29,68,51,73,63,37,75,55,76,55,0,0,0,0,0,0,0,0,0,0,0,0,0,0,0,0,0,0,0,3086000
MARATHON OIL,17,2021,92,92,75,69,77,73,100,93,100,108,100,113,89,84,72,69,78,75,76,69,64,62,77,84,67,63,60,56,74,77,82,76,79,86,79,78,41,42,73,107,79,102,0,0,0,0,0,0,38,37,71,70,83,97,37,59,61,73,64,50,33,45,56,59,68,64,0,0,0,0,0,0,0,0,0,0,0,0,5467000
MARATHON OIL,17,2022,88,128,72,85,81,0,100,114,100,141,98,0,90,109,74,90,78,0,75,88,63,78,75,0,66,78,62,68,83,0,77,67,72,67,74,0,45,55,80,129,84,0,43,39,82,110,100,0,40,61,70,118,82,0,46,20,71,42,62,0,0,0,0,0,0,0,0,0,0,0,0,0,0,0,0,0,0,0,8036000
Ovintiv Inc.,18,2019,93,99,66,61,44,40,100,71,89,66,57,57,85,80,62,76,42,44,78,81,62,84,47,55,68,70,54,63,40,47,78,75,73,94,49,82,48,90,100,336,100,198,37,28,72,86,63,49,35,29,59,60,44,27,40,26,50,44,32,26,0,0,0,0,0,0,0,0,0,0,0,0,0,0,0,0,0,0,6726000
Ovintiv Inc.,18,2020,94,110,75,80,70,83,100,78,100,79,94,120,88,97,72,68,76,77,79,98,67,75,73,88,70,91,60,64,68,79,81,77,80,77,78,81,43,51,76,79,83,73,37,51,70,81,100,77,34,32,68,62,73,60,37,24,55,44,55,37,0,0,0,0,0,0,0,0,0,0,0,0,0,0,0,0,0,0,6087000
Ovintiv Inc.,18,2021,92,173,75,93,77,90,100,145,100,132,100,112,89,165,72,84,78,92,76,137,64,82,77,93,67,123,60,83,74,91,82,88,79,84,79,83,41,45,73,77,79,108,0,0,0,0,0,0,38,54,71,75,83,64,37,16,61,32,64,0,33,19,56,38,68,0,0,0,0,0,0,0,0,0,0,0,0,0,8658000
Ovintiv Inc.,18,2022,88,152,72,84,81,86,100,129,100,120,98,112,90,138,74,80,78,85,75,119,63,72,75,88,66,110,62,77,83,87,77,88,72,86,74,93,45,46,80,117,84,105,43,28,82,48,100,0,40,51,70,77,82,65,46,20,71,41,62,0,0,0,0,0,0,0,0,0,0,0,0,0,0,0,0,0,0,0,12464000
Permian Resources Corporation,19,2022,88,117,72,77,81,66,100,139,100,125,98,98,90,118,74,72,78,67,75,127,63,81,75,69,66,105,62,73,83,69,77,84,72,81,74,72,45,69,80,109,84,102,43,33,82,59,100,68,40,40,70,64,82,64,46,26,71,47,62,43,0,0,0,0,0,0,0,0,0,0,0,0,0,0,0,0,0,0,2131265
PIONEER NATURAL RESOURCES,20,2013,100,150,79,120,72,77,91,92,100,102,100,118,83,126,69,123,68,86,75,85,66,71,73,63,71,85,60,64,67,62,70,63,79,94,80,79,42,35,94,134,80,0,36,95,75,180,78,115,36,50,77,98,79,80,28,38,50,78,56,0,0,0,0,0,0,0,0,0,0,0,0,0,0,0,0,0,0,0,3652000
PIONEER NATURAL RESOURCES,20,2014,100,136,78,108,66,0,93,82,100,86,96,0,85,113,71,99,65,0,77,71,68,65,68,0,74,87,62,63,61,0,67,47,79,63,79,0,42,33,96,98,100,0,32,48,68,72,77,0,38,51,84,97,79,0,29,38,52,89,43,0,0,0,0,0,0,0,0,0,0,0,0,0,0,0,0,0,0,0,5055000
PIONEER NATURAL RESOURCES,20,2015,100,128,75,102,75,0,96,81,100,89,100,0,87,96,69,94,70,0,75,61,65,54,72,0,73,76,60,55,65,0,70,50,77,64,79,0,40,28,88,81,93,0,31,43,62,61,58,0,33,53,66,98,87,0,31,37,45,77,52,0,0,0,0,0,0,0,0,0,0,0,0,0,0,0,0,0,0,0,4561000
PIONEER NATURAL RESOURCES,20,2016,97,122,74,87,77,81,100,79,100,85,100,103,85,98,66,80,80,78,77,65,65,52,76,61,72,70,58,50,70,60,70,64,74,70,83,62,41,36,77,89,87,58,30,44,54,63,66,0,32,55,60,94,70,80,29,32,50,59,52,43,0,0,0,0,0,0,0,0,0,0,0,0,0,0,0,0,0,0,3382000
PIONEER NATURAL RESOURCES,20,2017,97,114,72,70,79,84,100,83,100,82,100,106,87,107,66,70,76,76,78,78,65,55,81,68,74,66,58,46,74,66,79,60,80,66,92,60,42,32,85,87,87,105,31,46,58,68,74,78,33,39,62,62,70,81,25,32,40,63,51,39,0,0,0,0,0,0,0,0,0,0,0,0,0,0,0,0,0,0,5455000
PIONEER NATURAL RESOURCES,20,2018,88,107,71,72,71,66,100,84,100,95,100,98,86,97,73,74,79,66,72,74,67,61,76,60,66,78,58,55,62,59,77,52,83,64,84,55,42,26,90,70,98,40,0,0,0,0,0,0,33,34,64,68,84,74,33,42,48,60,47,45,0,0,0,0,0,0,0,0,0,0,0,0,0,0,0,0,0,0,9415000
PIONEER NATURAL RESOURCES,20,2019,93,111,66,65,44,36,100,94,89,86,57,58,85,115,62,68,42,35,78,89,62,64,47,36,68,76,54,51,40,35,78,48,73,63,49,34,48,24,100,61,100,14,37,28,72,38,63,0,35,41,59,65,44,40,40,34,50,49,32,26,0,0,0,0,0,0,0,0,0,0,0,0,0,0,0,0,0,0,9325000
PIONEER NATURAL RESOURCES,20,2020,94,79,75,71,70,66,100,77,100,96,94,104,88,95,72,93,76,66,79,73,67,62,73,67,70,56,60,52,68,64,81,48,80,68,78,62,43,27,76,64,83,36,37,29,70,52,100,0,34,35,68,72,73,50,37,32,55,60,55,38,0,0,0,0,0,0,0,0,0,0,0,0,0,0,0,0,0,0,6685000
PIONEER NATURAL RESOURCES,20,2021,92,88,75,73,77,74,100,87,100,95,100,111,89,103,72,89,78,78,76,80,64,62,77,73,67,63,60,55,74,73,82,57,79,67,79,60,41,30,73,63,79,0,0,0,0,0,0,0,38,41,71,73,83,54,37,32,61,55,64,0,33,21,56,53,68,40,0,0,0,0,0,0,0,0,0,0,0,0,14643000
PIONEER NATURAL RESOURCES,20,2022,88,86,72,77,81,69,100,87,100,97,98,106,90,114,74,109,78,75,75,72,63,63,75,68,66,65,62,59,83,68,77,63,72,79,74,59,45,31,80,80,84,84,43,47,82,110,100,80,40,38,70,73,82,54,46,28,71,53,62,0,0,0,0,0,0,0,0,0,0,0,0,0,0,0,0,0,0,0,24294000
Range Resources,21,2013,100,125,79,99,72,0,91,127,100,124,100,0,83,125,69,85,68,0,75,98,66,82,73,0,71,93,60,75,67,0,70,63,79,88,80,0,42,36,94,130,80,0,36,28,75,48,78,0,36,31,77,70,79,0,28,14,50,40,56,0,0,0,0,0,0,0,0,0,0,0,0,0,0,0,0,0,0,0,1862719
Range Resources,21,2014,100,129,78,94,66,71,93,134,100,131,96,93,85,102,71,74,65,70,77,92,68,77,68,73,74,87,62,72,61,70,67,57,79,76,79,94,42,34,96,127,100,112,32,27,68,48,77,72,38,32,84,76,79,57,29,13,52,34,43,0,0,0,0,0,0,0,0,0,0,0,0,0,0,0,0,0,0,0,2711695
Range Resources,21,2015,100,115,75,91,75,77,96,136,100,129,100,102,87,95,69,75,70,72,75,84,65,73,72,73,73,79,60,69,65,72,70,61,77,77,79,109,40,38,88,125,93,132,31,32,62,54,58,83,33,29,66,67,87,60,31,14,45,33,52,0,0,0,0,0,0,0,0,0,0,0,0,0,0,0,0,0,0,0,1598068
Range Resources,21,2016,97,135,74,89,77,85,100,145,100,125,100,105,85,112,66,77,80,82,77,94,65,72,76,83,72,87,58,68,70,82,70,68,74,79,83,116,41,39,77,127,87,138,30,33,54,53,66,85,32,33,60,73,70,65,29,15,50,33,52,0,0,0,0,0,0,0,0,0,0,0,0,0,0,0,0,0,0,0,1099939
Range Resources,21,2017,97,130,72,88,79,89,100,150,100,122,100,110,87,130,66,86,76,88,78,97,65,71,81,86,74,88,58,68,74,87,79,69,80,87,92,124,42,38,85,142,87,163,31,30,58,51,74,0,33,38,62,71,70,64,25,16,40,38,51,0,0,0,0,0,0,0,0,0,0,0,0,0,0,0,0,0,0,0,2611030
Range Resources,21,2018,88,137,71,90,71,83,100,149,100,127,100,99,86,141,73,96,79,82,72,101,67,77,76,84,66,88,58,73,62,82,77,71,83,82,84,105,42,36,90,135,98,141,0,0,0,0,0,0,33,36,64,75,84,58,33,15,48,33,47,0,0,0,0,0,0,0,0,0,0,0,0,0,0,0,0,0,0,0,3282645
Range Resources,21,2019,93,137,66,77,44,46,100,165,89,118,57,56,85,145,62,78,42,46,78,103,62,67,47,46,68,88,54,62,40,46,78,78,73,71,49,58,48,42,100,117,100,73,37,37,72,48,63,56,35,39,59,64,44,33,40,19,50,36,32,0,0,0,0,0,0,0,0,0,0,0,0,0,0,0,0,0,0,0,2827615
Range Resources,21,2020,94,110,75,75,70,33,100,103,100,97,94,47,88,105,72,71,76,35,79,78,67,64,73,34,70,54,60,55,68,36,81,72,80,85,78,0,43,35,76,90,83,54,37,26,70,50,100,0,34,32,68,55,73,36,37,44,55,70,55,58,0,0,0,0,0,0,0,0,0,0,0,0,0,0,0,0,0,0,1968697
Range Resources,21,2021,92,102,75,75,77,43,100,96,100,93,100,48,89,90,72,63,78,39,76,77,64,64,77,44,67,56,60,54,74,43,82,64,79,72,79,0,41,30,73,85,79,57,0,0,0,0,0,0,38,32,71,57,83,65,37,46,61,65,64,58,33,24,56,50,68,0,0,0,0,0,0,0,0,0,0,0,0,0,2930223
Range Resources,21,2022,88,92,72,67,81,68,100,82,100,82,98,89,90,99,74,61,78,68,75,71,63,58,75,69,66,47,62,46,83,67,77,65,72,69,74,73,45,32,80,87,84,89,43,34,82,58,100,81,40,32,70,56,82,51,46,36,71,45,62,46,0,0,0,0,0,0,0,0,0,0,0,0,0,0,0,0,0,0,4146803
Seneca Resources/NATIONAL FUEL GAS CO,22,2013,100,37,79,37,72,35,91,26,100,43,100,36,83,37,69,27,68,31,75,26,66,29,73,34,71,26,60,28,67,33,70,0,79,0,80,0,42,0,94,0,80,0,36,17,75,30,78,39,36,6,77,16,79,0,28,0,50,0,56,0,0,0,0,0,0,0,0,0,0,0,0,0,0,0,0,0,0,0,1829551
Seneca Resources/NATIONAL FUEL GAS CO,22,2014,100,42,78,49,66,39,93,26,100,49,96,43,85,28,71,28,65,30,77,26,68,31,68,31,74,21,62,35,61,34,67,0,79,0,79,0,42,9,96,17,100,30,32,10,68,21,77,36,38,7,84,23,79,0,29,0,52,0,43,0,0,0,0,0,0,0,0,0,0,0,0,0,0,0,0,0,0,0,2113081
Seneca Resources/NATIONAL FUEL GAS CO,22,2015,100,28,75,35,75,46,96,26,100,42,100,42,87,20,69,33,70,42,75,20,65,30,72,38,73,18,60,27,65,38,70,0,77,0,79,0,40,0,88,0,93,0,31,10,62,27,58,42,33,11,66,18,87,0,31,0,45,0,52,0,0,0,0,0,0,0,0,0,0,0,0,0,0,0,0,0,0,0,1760913
Seneca Resources/NATIONAL FUEL GAS CO,22,2016,97,74,74,87,77,85,100,102,100,124,100,108,85,83,66,82,80,81,77,74,65,77,76,84,72,73,58,72,70,82,70,66,74,65,83,75,41,54,77,103,87,82,30,38,54,53,66,56,32,24,60,63,70,61,29,12,50,26,52,0,0,0,0,0,0,0,0,0,0,0,0,0,0,0,0,0,0,0,1452416
Seneca Resources/NATIONAL FUEL GAS CO,22,2017,97,72,72,78,79,94,100,106,100,119,100,109,87,90,66,79,76,90,78,79,65,77,81,92,74,74,58,72,74,94,79,66,80,82,92,108,42,40,85,117,87,105,31,38,58,61,74,64,33,31,62,76,70,71,25,12,40,24,51,0,0,0,0,0,0,0,0,0,0,0,0,0,0,0,0,0,0,0,1579881
Seneca Resources/NATIONAL FUEL GAS CO,22,2018,88,75,71,81,71,82,100,99,100,121,100,114,86,88,73,87,79,81,72,81,67,87,76,89,66,75,58,76,62,82,77,87,83,91,84,98,42,44,90,108,98,98,0,0,0,0,0,0,33,31,64,69,84,53,33,12,48,21,47,0,0,0,0,0,0,0,0,0,0,0,0,0,0,0,0,0,0,0,1592668
Seneca Resources/NATIONAL FUEL GAS CO,22,2019,93,97,66,81,44,45,100,102,89,111,57,62,85,96,62,80,42,42,78,91,62,79,47,47,68,81,54,73,40,42,78,77,73,72,49,51,48,44,100,87,100,50,37,39,72,50,63,28,35,29,59,70,44,36,40,13,50,16,32,0,0,0,0,0,0,0,0,0,0,0,0,0,0,0,0,0,0,0,1693332
Seneca Resources/NATIONAL FUEL GAS CO,22,2020,94,96,75,81,70,0,100,97,100,118,94,0,88,89,72,84,76,0,79,86,67,79,73,0,70,74,60,71,68,0,81,71,80,82,78,0,43,39,76,97,83,0,37,36,70,52,100,0,34,26,68,61,73,0,37,17,55,27,55,0,0,0,0,0,0,0,0,0,0,0,0,0,0,0,0,0,0,0,1546291
Seneca Resources/NATIONAL FUEL GAS CO,22,2021,92,67,75,91,77,75,100,71,100,117,100,104,89,62,72,71,78,61,76,55,64,65,77,65,67,53,60,70,74,65,82,52,79,58,79,78,41,27,73,72,79,78,0,0,0,0,0,0,38,27,71,67,83,45,37,67,61,86,64,86,33,0,56,0,68,0,0,0,0,0,0,0,0,0,0,0,0,0,1742659
SM Energy Co,23,2013,100,136,79,74,72,65,91,113,100,106,100,93,83,123,69,65,68,64,75,99,66,66,73,65,71,127,60,84,67,72,70,59,79,70,80,65,42,33,94,101,80,81,36,45,75,78,78,71,36,47,77,116,79,88,28,15,50,31,56,0,0,0,0,0,0,0,0,0,0,0,0,0,0,0,0,0,0,0,2293374
SM Energy Co,23,2014,100,143,78,76,66,59,93,111,100,109,96,89,85,149,71,70,65,59,77,106,68,65,68,59,74,119,62,76,61,64,67,58,79,82,79,62,42,27,96,82,100,72,32,49,68,88,77,84,38,49,84,99,79,81,29,14,52,34,43,0,0,0,0,0,0,0,0,0,0,0,0,0,0,0,0,0,0,0,2522307
SM Energy Co,23,2015,100,145,75,76,75,72,96,118,100,107,100,99,87,149,69,71,70,75,75,107,65,67,72,76,73,111,60,74,65,79,70,56,77,72,79,74,40,28,88,74,93,77,31,43,62,72,58,82,33,48,66,95,87,86,31,13,45,33,52,0,0,0,0,0,0,0,0,0,0,0,0,0,0,0,0,0,0,0,1556965
SM Energy Co,23,2016,97,138,74,66,77,0,100,120,100,109,100,0,85,136,66,65,80,0,77,101,65,58,76,0,72,108,58,67,70,0,70,62,74,67,83,0,41,33,77,65,87,0,30,41,54,71,66,0,32,45,60,93,70,0,29,14,50,32,52,0,0,0,0,0,0,0,0,0,0,0,0,0,0,0,0,0,0,0,1217450
SM Energy Co,23,2017,97,151,72,68,79,0,100,112,100,109,100,0,87,155,66,68,76,0,78,105,65,60,81,0,74,139,58,72,74,0,79,70,80,72,92,0,42,30,85,58,87,0,31,35,58,53,74,0,33,49,62,94,70,0,25,13,40,30,51,0,0,0,0,0,0,0,0,0,0,0,0,0,0,0,0,0,0,0,1129376
SM Energy Co,23,2018,88,154,71,75,71,69,100,109,100,112,100,98,86,159,73,73,79,70,72,118,67,66,76,69,66,143,58,77,62,74,77,62,83,75,84,71,42,31,90,62,98,77,0,0,0,0,0,0,33,42,64,107,84,80,33,13,48,30,47,0,0,0,0,0,0,0,0,0,0,0,0,0,0,0,0,0,0,0,2067072
SM Energy Co,23,2019,93,173,66,68,44,42,100,116,89,105,57,59,85,196,62,68,42,43,78,137,62,59,47,41,68,149,54,67,40,44,78,61,73,64,49,41,48,32,100,67,100,47,37,35,72,48,63,0,35,49,59,95,44,48,40,15,50,33,32,0,0,0,0,0,0,0,0,0,0,0,0,0,0,0,0,0,0,0,1590105
SM Energy Co,23,2020,94,198,75,79,70,71,100,117,100,119,94,96,88,207,72,79,76,71,79,140,67,66,73,68,70,133,60,74,68,75,81,66,80,75,78,62,43,30,76,78,83,0,37,38,70,57,100,0,34,47,68,108,73,78,37,16,55,48,55,0,0,0,0,0,0,0,0,0,0,0,0,0,0,0,0,0,0,0,1126673
SM Energy Co,23,2021,92,168,75,71,77,0,100,119,100,114,100,0,89,186,72,70,78,0,76,119,64,59,77,0,67,118,60,66,74,0,82,62,79,73,79,0,41,30,73,81,79,0,0,0,0,0,0,0,38,48,71,91,83,0,37,18,61,49,64,0,33,27,56,52,68,0,0,0,0,0,0,0,0,0,0,0,0,0,2622894
SM Energy Co,23,2022,88,134,72,101,81,83,100,103,100,131,98,99,90,145,74,98,78,74,75,99,63,71,75,67,66,108,62,101,83,92,77,57,72,72,74,76,45,31,80,94,84,91,43,59,82,123,100,136,40,45,70,93,82,76,46,38,71,78,62,76,0,0,0,0,0,0,0,0,0,0,0,0,0,0,0,0,0,0,3358647
SOUTHWESTERN ENERGY CO,24,2013,100,167,79,100,72,82,91,131,100,169,100,129,83,108,69,82,68,81,75,131,66,84,73,82,71,104,60,72,67,80,70,74,79,89,80,94,42,37,94,82,80,107,36,33,75,57,78,0,36,39,77,77,79,64,28,19,50,42,56,0,0,0,0,0,0,0,0,0,0,0,0,0,0,0,0,0,0,0,3371000
SOUTHWESTERN ENERGY CO,24,2014,100,176,78,102,66,0,93,126,100,151,96,0,85,124,71,90,65,0,77,141,68,86,68,0,74,114,62,75,61,0,67,77,79,82,79,0,42,37,96,77,100,0,32,30,68,52,77,0,38,52,84,95,79,0,29,19,52,39,43,0,0,0,0,0,0,0,0,0,0,0,0,0,0,0,0,0,0,0,4038000
SOUTHWESTERN ENERGY CO,24,2015,100,135,75,87,75,23,96,109,100,127,100,31,87,100,69,74,70,22,75,132,65,82,72,0,73,105,60,67,65,28,70,55,77,68,79,26,40,32,88,70,93,0,31,27,62,48,58,0,33,40,66,99,87,0,31,22,45,24,52,22,0,0,0,0,0,0,0,0,0,0,0,0,0,0,0,0,0,0,3133000
SOUTHWESTERN ENERGY CO,24,2016,97,119,74,67,77,74,100,90,100,93,100,112,85,96,66,58,80,72,77,117,65,68,76,74,72,93,58,55,70,72,70,62,74,71,83,82,41,34,77,52,87,68,30,26,54,42,66,0,32,30,60,64,70,73,29,58,50,64,52,51,0,0,0,0,0,0,0,0,0,0,0,0,0,0,0,0,0,0,2436000
SOUTHWESTERN ENERGY CO,24,2017,97,121,72,77,79,77,100,100,100,115,100,123,87,91,66,62,76,77,78,102,65,69,81,77,74,92,58,62,74,77,79,67,80,75,92,75,42,37,85,60,87,96,31,24,58,42,74,0,33,41,62,106,70,76,25,21,40,24,51,0,0,0,0,0,0,0,0,0,0,0,0,0,0,0,0,0,0,0,3203000
SOUTHWESTERN ENERGY CO,24,2018,88,114,71,83,71,69,100,112,100,127,100,116,86,85,73,68,79,67,72,90,67,76,76,69,66,84,58,70,62,65,77,85,83,98,84,84,42,36,90,87,98,104,0,0,0,0,0,0,33,40,64,104,84,69,33,18,48,25,47,22,0,0,0,0,0,0,0,0,0,0,0,0,0,0,0,0,0,0,3862000
SOUTHWESTERN ENERGY CO,24,2019,93,138,66,84,44,47,100,144,89,124,57,64,85,110,62,74,42,44,78,109,62,71,47,44,68,101,54,66,40,43,78,83,73,76,49,54,48,46,100,73,100,54,37,30,72,53,63,0,35,43,59,88,44,39,40,20,50,24,32,0,0,0,0,0,0,0,0,0,0,0,0,0,0,0,0,0,0,0,3038000
SOUTHWESTERN ENERGY CO,24,2020,94,142,75,94,70,78,100,162,100,157,94,110,88,130,72,95,76,83,79,121,67,84,73,78,70,112,60,76,68,76,81,86,80,96,78,94,43,47,76,80,83,96,37,38,70,79,100,0,34,49,68,116,73,73,37,22,55,28,55,0,0,0,0,0,0,0,0,0,0,0,0,0,0,0,0,0,0,0,2308000
SOUTHWESTERN ENERGY CO,24,2021,92,124,75,73,77,82,100,113,100,109,100,110,89,104,72,75,78,85,76,104,64,68,77,86,67,79,60,62,74,82,82,83,79,94,79,100,41,38,73,72,79,90,0,0,0,0,0,0,38,30,71,56,83,70,37,46,61,67,64,50,33,16,56,38,68,61,0,0,0,0,0,0,0,0,0,0,0,0,6667000
SOUTHWESTERN ENERGY CO,24,2022,88,101,72,74,81,84,100,112,100,121,98,109,90,109,74,96,78,87,75,93,63,65,75,85,66,76,62,80,83,83,77,68,72,81,74,98,45,53,80,112,84,102,43,86,82,140,100,0,40,45,70,64,82,68,46,143,71,214,62,0,0,0,0,0,0,0,0,0,0,0,0,0,0,0,0,0,0,0,583894
"VITAL ENERGY, INC.",25,2013,100,152,79,90,72,0,91,159,100,146,100,0,83,137,69,85,68,0,75,93,66,69,73,0,71,109,60,70,67,0,70,67,79,77,80,0,42,41,94,83,80,0,36,14,75,39,78,0,36,52,77,111,79,0,28,22,50,32,56,0,0,0,0,0,0,0,0,0,0,0,0,0,0,0,0,0,0,0,665257
"VITAL ENERGY, INC.",25,2014,100,132,78,89,66,73,93,164,100,167,96,111,85,121,71,87,65,65,77,80,68,70,68,70,74,98,62,71,61,61,67,75,79,84,79,86,42,42,96,104,100,83,32,18,68,39,77,0,38,57,84,107,79,75,29,16,52,36,43,0,0,0,0,0,0,0,0,0,0,0,0,0,0,0,0,0,0,0,793885
"VITAL ENERGY, INC.",25,2015,100,148,75,89,75,80,96,169,100,167,100,127,87,141,69,85,70,72,75,110,65,71,72,80,73,117,60,70,65,69,70,71,77,89,79,92,40,42,88,95,93,98,31,27,62,58,58,0,33,48,66,93,87,84,31,19,45,31,52,0,0,0,0,0,0,0,0,0,0,0,0,0,0,0,0,0,0,0,606640
"VITAL ENERGY, INC.",25,2016,97,133,74,78,77,83,100,157,100,155,100,122,85,141,66,83,80,89,77,111,65,68,76,88,72,117,58,68,70,88,70,58,74,74,83,102,41,34,77,77,87,100,30,27,54,55,66,0,32,54,60,91,70,84,29,21,50,33,52,0,0,0,0,0,0,0,0,0,0,0,0,0,0,0,0,0,0,0,597378
"VITAL ENERGY, INC.",25,2017,97,129,72,77,79,0,100,163,100,155,100,0,87,120,66,76,76,0,78,104,65,68,81,0,74,102,58,67,74,0,79,72,80,85,92,0,42,38,85,85,87,0,31,20,58,36,74,0,33,54,62,93,70,0,25,26,40,43,51,0,0,0,0,0,0,0,0,0,0,0,0,0,0,0,0,0,0,0,822162
"VITAL ENERGY, INC.",25,2018,88,124,71,81,71,0,100,168,100,155,100,0,86,118,73,74,79,0,72,93,67,70,76,0,66,98,58,68,62,0,77,62,83,84,84,0,42,35,90,70,98,0,0,0,0,0,0,0,33,48,64,86,84,0,33,25,48,40,47,0,0,0,0,0,0,0,0,0,0,0,0,0,0,0,0,0,0,0,1105775
"VITAL ENERGY, INC.",25,2019,93,112,66,71,44,41,100,189,89,154,57,63,85,97,62,69,42,38,78,74,62,56,47,40,68,78,54,55,40,34,78,64,73,67,49,62,48,45,100,75,100,58,37,25,72,48,63,0,35,45,59,63,44,36,40,30,50,39,32,0,0,0,0,0,0,0,0,0,0,0,0,0,0,0,0,0,0,0,837281
"VITAL ENERGY, INC.",25,2020,94,107,75,77,70,53,100,126,100,114,94,58,88,85,72,67,76,59,79,84,67,56,73,28,70,81,60,56,68,40,81,67,80,73,78,0,43,33,76,66,83,0,37,24,70,49,100,56,34,48,68,78,73,58,37,30,55,51,55,53,0,0,0,0,0,0,0,0,0,0,0,0,0,0,0,0,0,0,677192
"VITAL ENERGY, INC.",25,2021,92,93,75,75,77,74,100,113,100,116,100,97,89,81,72,67,78,80,76,80,64,58,77,78,67,67,60,56,74,75,82,67,79,80,79,99,41,30,73,61,79,103,0,0,0,0,0,0,38,46,71,99,83,96,37,28,61,54,64,73,33,27,56,61,68,62,0,0,0,0,0,0,0,0,0,0,0,0,1394075
"VITAL ENERGY, INC.",25,2022,88,39,72,70,81,70,100,86,100,102,98,105,90,49,74,60,78,60,75,29,63,40,75,49,66,41,62,53,83,67,77,60,72,69,74,104,45,35,80,80,84,78,43,48,82,96,100,88,40,39,70,77,82,65,46,39,71,54,62,82,0,0,0,0,0,0,0,0,0,0,0,0,0,0,0,0,0,0,1920796